case,depth_cm,time_h,temperature_C,extraction_bound_time_h,extraction_bound_temperature_K
MC10-natural,7,3.1421800947867298,592,0.24170616113744076,8
MC10-natural,11,7.009478672985781,557.3333333333334,0.24170616113744076,8
MC10-natural,15,12.729857819905213,514.6666666666666,0.24170616113744076,8
MC10-natural,19,19.578199052132703,437.33333333333337,0.24170616113744076,8
MC10-natural,23,25.943127962085306,362.6666666666667,0.24170616113744076,8
MC35-natural,7,1.6919431279620853,474.6666666666667,0.24170616113744076,8
MC35-natural,11,4.995260663507109,565.3333333333333,0.24170616113744076,8
MC35-natural,15,8.943127962085308,541.3333333333334,0.24170616113744076,8
MC35-natural,19,13.938388625592417,520,0.24170616113744076,8
MC35-natural,23,19.578199052132703,456,0.24170616113744076,8
